Week,State,Average Cases1,Average Cases,Tests Conducted,Test_Kit
1 Jul – 7 Jul,Johor,202.5714286,203,2655,RTK-AG
1 Jul – 7 Jul,Johor,202.5714286,203,3072,PCR
1 Jul – 7 Jul,Johor,202.5714286,203,5727,Both
12 Aug – 18 Aug,Johor,888.8571429,889,10932,RTK-AG
12 Aug – 18 Aug,Johor,888.8571429,889,10283,PCR
12 Aug – 18 Aug,Johor,888.8571429,889,21215,Both
15 Jul – 21 Jul,Johor,236.5714286,237,4866,RTK-AG
15 Jul – 21 Jul,Johor,236.5714286,237,4765,PCR
15 Jul – 21 Jul,Johor,236.5714286,237,9631,Both
19 Aug – 25 Aug,Johor,1089.285714,1089,11059,RTK-AG
19 Aug – 25 Aug,Johor,1089.285714,1089,10631,PCR
19 Aug – 25 Aug,Johor,1089.285714,1089,21690,Both
22 Jul – 28 Jul,Johor,346.7142857,347,5253,RTK-AG
22 Jul – 28 Jul,Johor,346.7142857,347,5862,PCR
22 Jul – 28 Jul,Johor,346.7142857,347,11115,Both
26 Aug – 31 Aug,Johor,1048.857143,1049,9336,RTK-AG
26 Aug – 31 Aug,Johor,1048.857143,1049,8325,PCR
26 Aug – 31 Aug,Johor,1048.857143,1049,17661,Both
29 Jul – 4 Aug,Johor,580.4285714,580,5846,RTK-AG
29 Jul – 4 Aug,Johor,580.4285714,580,8163,PCR
29 Jul – 4 Aug,Johor,580.4285714,580,14009,Both
5 Aug – 11 Aug,Johor,769.5714286,770,8920,RTK-AG
5 Aug – 11 Aug,Johor,769.5714286,770,8818,PCR
5 Aug – 11 Aug,Johor,769.5714286,770,17738,Both
8 Jul – 14 Jul,Johor,257.1428571,257,3888,RTK-AG
8 Jul – 14 Jul,Johor,257.1428571,257,4451,PCR
8 Jul – 14 Jul,Johor,257.1428571,257,8339,Both
1 Jul – 7 Jul,Kedah,19,19,1951,RTK-AG
1 Jul – 7 Jul,Kedah,19,19,1381,PCR
1 Jul – 7 Jul,Kedah,19,19,3332,Both
12 Aug – 18 Aug,Kedah,57.14285714,57,5287,RTK-AG
12 Aug – 18 Aug,Kedah,57.14285714,57,4206,PCR
12 Aug – 18 Aug,Kedah,57.14285714,57,9493,Both
15 Jul – 21 Jul,Kedah,13.42857143,13,2734,RTK-AG
15 Jul – 21 Jul,Kedah,13.42857143,13,2525,PCR
15 Jul – 21 Jul,Kedah,13.42857143,13,5259,Both
19 Aug – 25 Aug,Kedah,90.57142857,91,5309,RTK-AG
19 Aug – 25 Aug,Kedah,90.57142857,91,4335,PCR
19 Aug – 25 Aug,Kedah,90.57142857,91,9644,Both
22 Jul – 28 Jul,Kedah,14.42857143,14,3822,RTK-AG
22 Jul – 28 Jul,Kedah,14.42857143,14,2860,PCR
22 Jul – 28 Jul,Kedah,14.42857143,14,6682,Both
26 Aug – 31 Aug,Kedah,66.42857143,66,3535,RTK-AG
26 Aug – 31 Aug,Kedah,66.42857143,66,3524,PCR
26 Aug – 31 Aug,Kedah,66.42857143,66,7059,Both
29 Jul – 4 Aug,Kedah,28.85714286,29,4209,RTK-AG
29 Jul – 4 Aug,Kedah,28.85714286,29,3371,PCR
29 Jul – 4 Aug,Kedah,28.85714286,29,7580,Both
5 Aug – 11 Aug,Kedah,52.42857143,52,4903,RTK-AG
5 Aug – 11 Aug,Kedah,52.42857143,52,3596,PCR
5 Aug – 11 Aug,Kedah,52.42857143,52,8499,Both
8 Jul – 14 Jul,Kedah,6.285714286,6,2501,RTK-AG
8 Jul – 14 Jul,Kedah,6.285714286,6,1952,PCR
8 Jul – 14 Jul,Kedah,6.285714286,6,4453,Both
1 Jul – 7 Jul,Kelantan,59.85714286,60,1047,RTK-AG
1 Jul – 7 Jul,Kelantan,59.85714286,60,1879,PCR
1 Jul – 7 Jul,Kelantan,59.85714286,60,2926,Both
12 Aug – 18 Aug,Kelantan,358.4285714,358,4177,RTK-AG
12 Aug – 18 Aug,Kelantan,358.4285714,358,2483,PCR
12 Aug – 18 Aug,Kelantan,358.4285714,358,6660,Both
15 Jul – 21 Jul,Kelantan,29,29,1203,RTK-AG
15 Jul – 21 Jul,Kelantan,29,29,2412,PCR
15 Jul – 21 Jul,Kelantan,29,29,3615,Both
19 Aug – 25 Aug,Kelantan,320.4285714,320,3994,RTK-AG
19 Aug – 25 Aug,Kelantan,320.4285714,320,2648,PCR
19 Aug – 25 Aug,Kelantan,320.4285714,320,6642,Both
22 Jul – 28 Jul,Kelantan,336.1428571,336,1464,RTK-AG
22 Jul – 28 Jul,Kelantan,336.1428571,336,3373,PCR
22 Jul – 28 Jul,Kelantan,336.1428571,336,4837,Both
26 Aug – 31 Aug,Kelantan,347.8571429,348,2314,RTK-AG
26 Aug – 31 Aug,Kelantan,347.8571429,348,2333,PCR
26 Aug – 31 Aug,Kelantan,347.8571429,348,4647,Both
29 Jul – 4 Aug,Kelantan,458.4285714,458,2479,RTK-AG
29 Jul – 4 Aug,Kelantan,458.4285714,458,3388,PCR
29 Jul – 4 Aug,Kelantan,458.4285714,458,5867,Both
5 Aug – 11 Aug,Kelantan,442.7142857,443,3785,RTK-AG
5 Aug – 11 Aug,Kelantan,442.7142857,443,2589,PCR
5 Aug – 11 Aug,Kelantan,442.7142857,443,6374,Both
8 Jul – 14 Jul,Kelantan,35.28571429,35,1186,RTK-AG
8 Jul – 14 Jul,Kelantan,35.28571429,35,2050,PCR
8 Jul – 14 Jul,Kelantan,35.28571429,35,3236,Both
1 Jul – 7 Jul,Kuala Lumpur,678.1428571,678,3693,RTK-AG
1 Jul – 7 Jul,Kuala Lumpur,678.1428571,678,6889,PCR
1 Jul – 7 Jul,Kuala Lumpur,678.1428571,678,10582,Both
12 Aug – 18 Aug,Kuala Lumpur,1382.714286,1383,6119,RTK-AG
12 Aug – 18 Aug,Kuala Lumpur,1382.714286,1383,7028,PCR
12 Aug – 18 Aug,Kuala Lumpur,1382.714286,1383,13147,Both
15 Jul – 21 Jul,Kuala Lumpur,538.8571429,539,6817,RTK-AG
15 Jul – 21 Jul,Kuala Lumpur,538.8571429,539,9155,PCR
15 Jul – 21 Jul,Kuala Lumpur,538.8571429,539,15972,Both
19 Aug – 25 Aug,Kuala Lumpur,1764.285714,1764,4938,RTK-AG
19 Aug – 25 Aug,Kuala Lumpur,1764.285714,1764,5997,PCR
19 Aug – 25 Aug,Kuala Lumpur,1764.285714,1764,10935,Both
22 Jul – 28 Jul,Kuala Lumpur,605.7142857,606,8290,RTK-AG
22 Jul – 28 Jul,Kuala Lumpur,605.7142857,606,9482,PCR
22 Jul – 28 Jul,Kuala Lumpur,605.7142857,606,17772,Both
26 Aug – 31 Aug,Kuala Lumpur,2174.428571,2174,3460,RTK-AG
26 Aug – 31 Aug,Kuala Lumpur,2174.428571,2174,4229,PCR
26 Aug – 31 Aug,Kuala Lumpur,2174.428571,2174,7689,Both
29 Jul – 4 Aug,Kuala Lumpur,816.7142857,817,7163,RTK-AG
29 Jul – 4 Aug,Kuala Lumpur,816.7142857,817,7535,PCR
29 Jul – 4 Aug,Kuala Lumpur,816.7142857,817,14698,Both
5 Aug – 11 Aug,Kuala Lumpur,1182.857143,1183,6775,RTK-AG
5 Aug – 11 Aug,Kuala Lumpur,1182.857143,1183,6853,PCR
5 Aug – 11 Aug,Kuala Lumpur,1182.857143,1183,13628,Both
8 Jul – 14 Jul,Kuala Lumpur,623.1428571,623,4768,RTK-AG
8 Jul – 14 Jul,Kuala Lumpur,623.1428571,623,8026,PCR
8 Jul – 14 Jul,Kuala Lumpur,623.1428571,623,12794,Both
1 Jul – 7 Jul,Labuan,2201.571429,2202,1123,RTK-AG
1 Jul – 7 Jul,Labuan,2201.571429,2202,241,PCR
1 Jul – 7 Jul,Labuan,2201.571429,2202,1364,Both
12 Aug – 18 Aug,Labuan,134.5714286,135,304,RTK-AG
12 Aug – 18 Aug,Labuan,134.5714286,135,196,PCR
12 Aug – 18 Aug,Labuan,134.5714286,135,500,Both
15 Jul – 21 Jul,Labuan,1369.428571,1369,589,RTK-AG
15 Jul – 21 Jul,Labuan,1369.428571,1369,190,PCR
15 Jul – 21 Jul,Labuan,1369.428571,1369,779,Both
19 Aug – 25 Aug,Labuan,118.2857143,118,342,RTK-AG
19 Aug – 25 Aug,Labuan,118.2857143,118,148,PCR
19 Aug – 25 Aug,Labuan,118.2857143,118,490,Both
22 Jul – 28 Jul,Labuan,981.1428571,981,666,RTK-AG
22 Jul – 28 Jul,Labuan,981.1428571,981,160,PCR
22 Jul – 28 Jul,Labuan,981.1428571,981,826,Both
26 Aug – 31 Aug,Labuan,114.2857143,114,239,RTK-AG
26 Aug – 31 Aug,Labuan,114.2857143,114,149,PCR
26 Aug – 31 Aug,Labuan,114.2857143,114,368,Both
29 Jul – 4 Aug,Labuan,290.5714286,291,427,RTK-AG
29 Jul – 4 Aug,Labuan,290.5714286,291,139,PCR
29 Jul – 4 Aug,Labuan,290.5714286,291,566,Both
5 Aug – 11 Aug,Labuan,184.4285714,184,293,RTK-AG
5 Aug – 11 Aug,Labuan,184.4285714,184,208,PCR
5 Aug – 11 Aug,Labuan,184.4285714,184,501,Both
8 Jul – 14 Jul,Labuan,1995.571429,1996,841,RTK-AG
8 Jul – 14 Jul,Labuan,1995.571429,1996,192,PCR
8 Jul – 14 Jul,Labuan,1995.571429,1996,1033,Both
1 Jul – 7 Jul,Melaka,459.2857143,459,1008,RTK-AG
1 Jul – 7 Jul,Melaka,459.2857143,459,2292,PCR
1 Jul – 7 Jul,Melaka,459.2857143,459,3300,Both
12 Aug – 18 Aug,Melaka,1784.285714,1784,2131,RTK-AG
12 Aug – 18 Aug,Melaka,1784.285714,1784,3018,PCR
12 Aug – 18 Aug,Melaka,1784.285714,1784,5149,Both
15 Jul – 21 Jul,Melaka,1007.571429,1008,1518,RTK-AG
15 Jul – 21 Jul,Melaka,1007.571429,1008,3417,PCR
15 Jul – 21 Jul,Melaka,1007.571429,1008,4935,Both
19 Aug – 25 Aug,Melaka,1295,1295,1620,RTK-AG
19 Aug – 25 Aug,Melaka,1295,1295,2386,PCR
19 Aug – 25 Aug,Melaka,1295,1295,4006,Both
22 Jul – 28 Jul,Melaka,1205.428571,1205,1935,RTK-AG
22 Jul – 28 Jul,Melaka,1205.428571,1205,2761,PCR
22 Jul – 28 Jul,Melaka,1205.428571,1205,4696,Both
26 Aug – 31 Aug,Melaka,205.2857143,205,1628,RTK-AG
26 Aug – 31 Aug,Melaka,205.2857143,205,1495,PCR
26 Aug – 31 Aug,Melaka,205.2857143,205,3123,Both
29 Jul – 4 Aug,Melaka,1421.857143,1422,1953,RTK-AG
29 Jul – 4 Aug,Melaka,1421.857143,1422,2873,PCR
29 Jul – 4 Aug,Melaka,1421.857143,1422,4826,Both
5 Aug – 11 Aug,Melaka,1439.714286,1440,2230,RTK-AG
5 Aug – 11 Aug,Melaka,1439.714286,1440,2260,PCR
5 Aug – 11 Aug,Melaka,1439.714286,1440,4490,Both
8 Jul – 14 Jul,Melaka,753,753,1463,RTK-AG
8 Jul – 14 Jul,Melaka,753,753,2906,PCR
8 Jul – 14 Jul,Melaka,753,753,4369,Both
1 Jul – 7 Jul,Negeri Sembilan,215.5714286,216,2024,RTK-AG
1 Jul – 7 Jul,Negeri Sembilan,215.5714286,216,3709,PCR
1 Jul – 7 Jul,Negeri Sembilan,215.5714286,216,5733,Both
12 Aug – 18 Aug,Negeri Sembilan,1072.142857,1072,2649,RTK-AG
12 Aug – 18 Aug,Negeri Sembilan,1072.142857,1072,2290,PCR
12 Aug – 18 Aug,Negeri Sembilan,1072.142857,1072,4939,Both
15 Jul – 21 Jul,Negeri Sembilan,207.8571429,208,2664,RTK-AG
15 Jul – 21 Jul,Negeri Sembilan,207.8571429,208,4519,PCR
15 Jul – 21 Jul,Negeri Sembilan,207.8571429,208,7183,Both
19 Aug – 25 Aug,Negeri Sembilan,1306,1306,2440,RTK-AG
19 Aug – 25 Aug,Negeri Sembilan,1306,1306,2009,PCR
19 Aug – 25 Aug,Negeri Sembilan,1306,1306,4449,Both
22 Jul – 28 Jul,Negeri Sembilan,271.7142857,272,3246,RTK-AG
22 Jul – 28 Jul,Negeri Sembilan,271.7142857,272,4275,PCR
22 Jul – 28 Jul,Negeri Sembilan,271.7142857,272,7521,Both
26 Aug – 31 Aug,Negeri Sembilan,1618.571429,1619,2151,RTK-AG
26 Aug – 31 Aug,Negeri Sembilan,1618.571429,1619,1203,PCR
26 Aug – 31 Aug,Negeri Sembilan,1618.571429,1619,3354,Both
29 Jul – 4 Aug,Negeri Sembilan,467.7142857,468,2908,RTK-AG
29 Jul – 4 Aug,Negeri Sembilan,467.7142857,468,3041,PCR
29 Jul – 4 Aug,Negeri Sembilan,467.7142857,468,5949,Both
5 Aug – 11 Aug,Negeri Sembilan,680.2857143,680,2388,RTK-AG
5 Aug – 11 Aug,Negeri Sembilan,680.2857143,680,2253,PCR
5 Aug – 11 Aug,Negeri Sembilan,680.2857143,680,4641,Both
8 Jul – 14 Jul,Negeri Sembilan,188.1428571,188,2299,RTK-AG
8 Jul – 14 Jul,Negeri Sembilan,188.1428571,188,4929,PCR
8 Jul – 14 Jul,Negeri Sembilan,188.1428571,188,7228,Both
1 Jul – 7 Jul,Pahang,1806.142857,1806,1809,RTK-AG
1 Jul – 7 Jul,Pahang,1806.142857,1806,2631,PCR
1 Jul – 7 Jul,Pahang,1806.142857,1806,4440,Both
12 Aug – 18 Aug,Pahang,122.8571429,123,2392,RTK-AG
12 Aug – 18 Aug,Pahang,122.8571429,123,5062,PCR
12 Aug – 18 Aug,Pahang,122.8571429,123,7454,Both
15 Jul – 21 Jul,Pahang,1583.857143,1584,2270,RTK-AG
15 Jul – 21 Jul,Pahang,1583.857143,1584,3346,PCR
15 Jul – 21 Jul,Pahang,1583.857143,1584,5616,Both
19 Aug – 25 Aug,Pahang,115,115,2419,RTK-AG
19 Aug – 25 Aug,Pahang,115,115,4730,PCR
19 Aug – 25 Aug,Pahang,115,115,7149,Both
22 Jul – 28 Jul,Pahang,309.5714286,310,2650,RTK-AG
22 Jul – 28 Jul,Pahang,309.5714286,310,3544,PCR
22 Jul – 28 Jul,Pahang,309.5714286,310,6194,Both
26 Aug – 31 Aug,Pahang,158.2857143,158,1999,RTK-AG
26 Aug – 31 Aug,Pahang,158.2857143,158,3759,PCR
26 Aug – 31 Aug,Pahang,158.2857143,158,5758,Both
29 Jul – 4 Aug,Pahang,245,245,2403,RTK-AG
29 Jul – 4 Aug,Pahang,245,245,3699,PCR
29 Jul – 4 Aug,Pahang,245,245,6102,Both
5 Aug – 11 Aug,Pahang,172.7142857,173,2677,RTK-AG
5 Aug – 11 Aug,Pahang,172.7142857,173,4320,PCR
5 Aug – 11 Aug,Pahang,172.7142857,173,6997,Both
8 Jul – 14 Jul,Pahang,1850.142857,1850,2172,RTK-AG
8 Jul – 14 Jul,Pahang,1850.142857,1850,3166,PCR
8 Jul – 14 Jul,Pahang,1850.142857,1850,5338,Both
1 Jul – 7 Jul,Penang,224.5714286,225,3865,RTK-AG
1 Jul – 7 Jul,Penang,224.5714286,225,1347,PCR
1 Jul – 7 Jul,Penang,224.5714286,225,5212,Both
12 Aug – 18 Aug,Penang,1143.428571,1143,8726,RTK-AG
12 Aug – 18 Aug,Penang,1143.428571,1143,4193,PCR
12 Aug – 18 Aug,Penang,1143.428571,1143,12919,Both
15 Jul – 21 Jul,Penang,683,683,4120,RTK-AG
15 Jul – 21 Jul,Penang,683,683,2294,PCR
15 Jul – 21 Jul,Penang,683,683,6414,Both
19 Aug – 25 Aug,Penang,241.1428571,1241,8629,RTK-AG
19 Aug – 25 Aug,Penang,241.1428571,1241,3889,PCR
19 Aug – 25 Aug,Penang,241.1428571,1241,12518,Both
22 Jul – 28 Jul,Penang,962.5714286,963,5539,RTK-AG
22 Jul – 28 Jul,Penang,962.5714286,963,2902,PCR
22 Jul – 28 Jul,Penang,962.5714286,963,8441,Both
26 Aug – 31 Aug,Penang,157.2857143,1157,6679,RTK-AG
26 Aug – 31 Aug,Penang,157.2857143,1157,3045,PCR
26 Aug – 31 Aug,Penang,157.2857143,1157,9724,Both
29 Jul – 4 Aug,Penang,1185.857143,1186,6506,RTK-AG
29 Jul – 4 Aug,Penang,1185.857143,1186,3357,PCR
29 Jul – 4 Aug,Penang,1185.857143,1186,9863,Both
5 Aug – 11 Aug,Penang,1258.428571,1258,6635,RTK-AG
5 Aug – 11 Aug,Penang,1258.428571,1258,3495,PCR
5 Aug – 11 Aug,Penang,1258.428571,1258,10130,Both
8 Jul – 14 Jul,Penang,407.1428571,407,2486,RTK-AG
8 Jul – 14 Jul,Penang,407.1428571,407,1934,PCR
8 Jul – 14 Jul,Penang,407.1428571,407,4420,Both
1 Jul – 7 Jul,Perak,178.2857143,178,1519,RTK-AG
1 Jul – 7 Jul,Perak,178.2857143,178,2071,PCR
1 Jul – 7 Jul,Perak,178.2857143,178,3590,Both
12 Aug – 18 Aug,Perak,554.5714286,555,5305,RTK-AG
12 Aug – 18 Aug,Perak,554.5714286,555,3517,PCR
12 Aug – 18 Aug,Perak,554.5714286,555,8822,Both
15 Jul – 21 Jul,Perak,258.1428571,258,2204,RTK-AG
15 Jul – 21 Jul,Perak,258.1428571,258,2468,PCR
15 Jul – 21 Jul,Perak,258.1428571,258,4672,Both
19 Aug – 25 Aug,Perak,499.8571429,500,5067,RTK-AG
19 Aug – 25 Aug,Perak,499.8571429,500,3241,PCR
19 Aug – 25 Aug,Perak,499.8571429,500,8308,Both
22 Jul – 28 Jul,Perak,372.8571429,373,3117,RTK-AG
22 Jul – 28 Jul,Perak,372.8571429,373,2814,PCR
22 Jul – 28 Jul,Perak,372.8571429,373,5931,Both
26 Aug – 31 Aug,Perak,678.4285714,678,3225,RTK-AG
26 Aug – 31 Aug,Perak,678.4285714,678,2586,PCR
26 Aug – 31 Aug,Perak,678.4285714,678,5811,Both
29 Jul – 4 Aug,Perak,460.8571429,461,3788,RTK-AG
29 Jul – 4 Aug,Perak,460.8571429,461,3833,PCR
29 Jul – 4 Aug,Perak,460.8571429,461,7621,Both
5 Aug – 11 Aug,Perak,472.2857143,472,3591,RTK-AG
5 Aug – 11 Aug,Perak,472.2857143,472,3044,PCR
5 Aug – 11 Aug,Perak,472.2857143,472,6635,Both
8 Jul – 14 Jul,Perak,260,260,1691,RTK-AG
8 Jul – 14 Jul,Perak,260,260,2153,PCR
8 Jul – 14 Jul,Perak,260,260,3844,Both
1 Jul – 7 Jul,Perlis,661.2857143,6,84,RTK-AG
1 Jul – 7 Jul,Perlis,661.2857143,6,25,PCR
1 Jul – 7 Jul,Perlis,661.2857143,6,109,Both
12 Aug – 18 Aug,Perlis,1.714285714,2,309,RTK-AG
12 Aug – 18 Aug,Perlis,1.714285714,2,136,PCR
12 Aug – 18 Aug,Perlis,1.714285714,2,445,Both
15 Jul – 21 Jul,Perlis,3.142857143,3,74,RTK-AG
15 Jul – 21 Jul,Perlis,3.142857143,3,35,PCR
15 Jul – 21 Jul,Perlis,3.142857143,3,109,Both
19 Aug – 25 Aug,Perlis,3.428571429,3,212,RTK-AG
19 Aug – 25 Aug,Perlis,3.428571429,3,149,PCR
19 Aug – 25 Aug,Perlis,3.428571429,3,361,Both
22 Jul – 28 Jul,Perlis,1.714285714,2,142,RTK-AG
22 Jul – 28 Jul,Perlis,1.714285714,2,37,PCR
22 Jul – 28 Jul,Perlis,1.714285714,2,180,Both
26 Aug – 31 Aug,Perlis,5.285714286,5,161,RTK-AG
26 Aug – 31 Aug,Perlis,5.285714286,5,138,PCR
26 Aug – 31 Aug,Perlis,5.285714286,5,299,Both
29 Jul – 4 Aug,Perlis,2.142857143,2,148,RTK-AG
29 Jul – 4 Aug,Perlis,2.142857143,2,125,PCR
29 Jul – 4 Aug,Perlis,2.142857143,2,273,Both
5 Aug – 11 Aug,Perlis,1,1,232,RTK-AG
5 Aug – 11 Aug,Perlis,1,1,71,PCR
5 Aug – 11 Aug,Perlis,1,1,303,Both
8 Jul – 14 Jul,Perlis,3.285714286,3,89,RTK-AG
8 Jul – 14 Jul,Perlis,3.285714286,3,33,PCR
8 Jul – 14 Jul,Perlis,3.285714286,3,122,Both
1 Jul – 7 Jul,Putrajaya,75.57142857,76,158,RTK-AG
1 Jul – 7 Jul,Putrajaya,75.57142857,76,286,PCR
1 Jul – 7 Jul,Putrajaya,75.57142857,76,444,Both
12 Aug – 18 Aug,Putrajaya,4.285714286,4,170,RTK-AG
12 Aug – 18 Aug,Putrajaya,4.285714286,4,311,PCR
12 Aug – 18 Aug,Putrajaya,4.285714286,4,481,Both
15 Jul – 21 Jul,Putrajaya,24.57142857,25,168,RTK-AG
15 Jul – 21 Jul,Putrajaya,24.57142857,25,432,PCR
15 Jul – 21 Jul,Putrajaya,24.57142857,25,600,Both
19 Aug – 25 Aug,Putrajaya,4.857142857,5,159,RTK-AG
19 Aug – 25 Aug,Putrajaya,4.857142857,5,172,PCR
19 Aug – 25 Aug,Putrajaya,4.857142857,5,331,Both
22 Jul – 28 Jul,Putrajaya,9.571428571,10,239,RTK-AG
22 Jul – 28 Jul,Putrajaya,9.571428571,10,528,PCR
22 Jul – 28 Jul,Putrajaya,9.571428571,10,767,Both
26 Aug – 31 Aug,Putrajaya,12.42857143,12,120,RTK-AG
26 Aug – 31 Aug,Putrajaya,12.42857143,12,191,PCR
26 Aug – 31 Aug,Putrajaya,12.42857143,12,311,Both
29 Jul – 4 Aug,Putrajaya,6.571428571,7,198,RTK-AG
29 Jul – 4 Aug,Putrajaya,6.571428571,7,460,PCR
29 Jul – 4 Aug,Putrajaya,6.571428571,7,658,Both
5 Aug – 11 Aug,Putrajaya,4.571428571,5,165,RTK-AG
5 Aug – 11 Aug,Putrajaya,4.571428571,5,263,PCR
5 Aug – 11 Aug,Putrajaya,4.571428571,5,428,Both
8 Jul – 14 Jul,Putrajaya,40.85714286,41,1053,RTK-AG
8 Jul – 14 Jul,Putrajaya,40.85714286,41,406,PCR
8 Jul – 14 Jul,Putrajaya,40.85714286,41,1459,Both
1 Jul – 7 Jul,Sabah,249.1428571,249,2829,RTK-AG
1 Jul – 7 Jul,Sabah,249.1428571,249,3317,PCR
1 Jul – 7 Jul,Sabah,249.1428571,249,6146,Both
12 Aug – 18 Aug,Sabah,1909.571429,1910,7326,RTK-AG
12 Aug – 18 Aug,Sabah,1909.571429,1910,7121,PCR
12 Aug – 18 Aug,Sabah,1909.571429,1910,14447,Both
15 Jul – 21 Jul,Sabah,541.5714286,542,3256,RTK-AG
15 Jul – 21 Jul,Sabah,541.5714286,542,3964,PCR
15 Jul – 21 Jul,Sabah,541.5714286,542,7220,Both
19 Aug – 25 Aug,Sabah,2812.142857,2812,6562,RTK-AG
19 Aug – 25 Aug,Sabah,2812.142857,2812,6639,PCR
19 Aug – 25 Aug,Sabah,2812.142857,2812,13201,Both
22 Jul – 28 Jul,Sabah,702.4285714,702,4156,RTK-AG
22 Jul – 28 Jul,Sabah,702.4285714,702,4172,PCR
22 Jul – 28 Jul,Sabah,702.4285714,702,8328,Both
26 Aug – 31 Aug,Sabah,2502.428571,2502,5230,RTK-AG
26 Aug – 31 Aug,Sabah,2502.428571,2502,4124,PCR
26 Aug – 31 Aug,Sabah,2502.428571,2502,9354,Both
29 Jul – 4 Aug,Sabah,1000.571429,1001,5399,RTK-AG
29 Jul – 4 Aug,Sabah,1000.571429,1001,6040,PCR
29 Jul – 4 Aug,Sabah,1000.571429,1001,11439,Both
5 Aug – 11 Aug,Sabah,1304.428571,1304,5749,RTK-AG
5 Aug – 11 Aug,Sabah,1304.428571,1304,5739,PCR
5 Aug – 11 Aug,Sabah,1304.428571,1304,11488,Both
8 Jul – 14 Jul,Sabah,278.2857143,278,3077,RTK-AG
8 Jul – 14 Jul,Sabah,278.2857143,278,3781,PCR
8 Jul – 14 Jul,Sabah,278.2857143,278,6858,Both
1 Jul – 7 Jul,Sarawak,649.8571429,650,1715,RTK-AG
1 Jul – 7 Jul,Sarawak,649.8571429,650,5509,PCR
1 Jul – 7 Jul,Sarawak,649.8571429,650,7224,Both
12 Aug – 18 Aug,Sarawak,1858.285714,1858,2272,RTK-AG
12 Aug – 18 Aug,Sarawak,1858.285714,1858,9134,PCR
12 Aug – 18 Aug,Sarawak,1858.285714,1858,11406,Both
15 Jul – 21 Jul,Sarawak,1711.857143,1712,1454,RTK-AG
15 Jul – 21 Jul,Sarawak,1711.857143,1712,6689,PCR
15 Jul – 21 Jul,Sarawak,1711.857143,1712,8143,Both
19 Aug – 25 Aug,Sarawak,2024.142857,2024,3361,RTK-AG
19 Aug – 25 Aug,Sarawak,2024.142857,2024,11976,PCR
19 Aug – 25 Aug,Sarawak,2024.142857,2024,15337,Both
22 Jul – 28 Jul,Sarawak,2168.428571,2168,1641,RTK-AG
22 Jul – 28 Jul,Sarawak,2168.428571,2168,6589,PCR
22 Jul – 28 Jul,Sarawak,2168.428571,2168,8230,Both
26 Aug – 31 Aug,Sarawak,2696.285714,2696,3889,RTK-AG
26 Aug – 31 Aug,Sarawak,2696.285714,2696,9742,PCR
26 Aug – 31 Aug,Sarawak,2696.285714,2696,13631,Both
29 Jul – 4 Aug,Sarawak,2372.857143,2373,1644,RTK-AG
29 Jul – 4 Aug,Sarawak,2372.857143,2373,6341,PCR
29 Jul – 4 Aug,Sarawak,2372.857143,2373,7985,Both
5 Aug – 11 Aug,Sarawak,1853.714286,1854,2098,RTK-AG
5 Aug – 11 Aug,Sarawak,1853.714286,1854,8368,PCR
5 Aug – 11 Aug,Sarawak,1853.714286,1854,10466,Both
8 Jul – 14 Jul,Sarawak,951.4285714,951,1402,RTK-AG
8 Jul – 14 Jul,Sarawak,951.4285714,951,5801,PCR
8 Jul – 14 Jul,Sarawak,951.4285714,951,7203,Both
1 Jul – 7 Jul,Selangor,4032.714286,4033,11952,RTK-AG
1 Jul – 7 Jul,Selangor,4032.714286,4033,15644,PCR
1 Jul – 7 Jul,Selangor,4032.714286,4033,27596,Both
12 Aug – 18 Aug,Selangor,6211.142857,4211,23975,RTK-AG
12 Aug – 18 Aug,Selangor,6211.142857,4211,17390,PCR
12 Aug – 18 Aug,Selangor,6211.142857,4211,41365,Both
15 Jul – 21 Jul,Selangor,6740.428571,4740,27969,RTK-AG
15 Jul – 21 Jul,Selangor,6740.428571,4740,18537,PCR
15 Jul – 21 Jul,Selangor,6740.428571,4740,46506,Both
19 Aug – 25 Aug,Selangor,5402.857143,5403,22354,RTK-AG
19 Aug – 25 Aug,Selangor,5402.857143,5403,14435,PCR
19 Aug – 25 Aug,Selangor,5402.857143,5403,36789,Both
22 Jul – 28 Jul,Selangor,6552.571429,5553,31710,RTK-AG
22 Jul – 28 Jul,Selangor,6552.571429,5553,18822,PCR
22 Jul – 28 Jul,Selangor,6552.571429,5553,50532,Both
26 Aug – 31 Aug,Selangor,781.7142857,4781,15465,RTK-AG
26 Aug – 31 Aug,Selangor,781.7142857,4781,9955,PCR
26 Aug – 31 Aug,Selangor,781.7142857,4781,25420,Both
29 Jul – 4 Aug,Selangor,7283.428571,5283,28123,RTK-AG
29 Jul – 4 Aug,Selangor,7283.428571,5283,16228,PCR
29 Jul – 4 Aug,Selangor,7283.428571,5283,44351,Both
5 Aug – 11 Aug,Selangor,6806.142857,4806,26252,RTK-AG
5 Aug – 11 Aug,Selangor,6806.142857,4806,15192,PCR
5 Aug – 11 Aug,Selangor,6806.142857,4806,41444,Both
8 Jul – 14 Jul,Selangor,5175.857143,5176,25598,RTK-AG
8 Jul – 14 Jul,Selangor,5175.857143,5176,17912,PCR
8 Jul – 14 Jul,Selangor,5175.857143,5176,43510,Both
1 Jul – 7 Jul,Terengganu,650,650,900,RTK-AG
1 Jul – 7 Jul,Terengganu,650,650,947,PCR
1 Jul – 7 Jul,Terengganu,650,650,1847,Both
12 Aug – 18 Aug,Terengganu,339.4285714,339,1918,RTK-AG
12 Aug – 18 Aug,Terengganu,339.4285714,339,3381,PCR
12 Aug – 18 Aug,Terengganu,339.4285714,339,5299,Both
15 Jul – 21 Jul,Terengganu,584.1428571,584,1041,RTK-AG
15 Jul – 21 Jul,Terengganu,584.1428571,584,2131,PCR
15 Jul – 21 Jul,Terengganu,584.1428571,584,3172,Both
19 Aug – 25 Aug,Terengganu,399.7142857,400,2008,RTK-AG
19 Aug – 25 Aug,Terengganu,399.7142857,400,3245,PCR
19 Aug – 25 Aug,Terengganu,399.7142857,400,5253,Both
22 Jul – 28 Jul,Terengganu,498.7142857,499,1490,RTK-AG
22 Jul – 28 Jul,Terengganu,498.7142857,499,2956,PCR
22 Jul – 28 Jul,Terengganu,498.7142857,499,4446,Both
26 Aug – 31 Aug,Terengganu,495,495,1878,RTK-AG
26 Aug – 31 Aug,Terengganu,495,495,2771,PCR
26 Aug – 31 Aug,Terengganu,495,495,4649,Both
29 Jul – 4 Aug,Terengganu,400,400,1822,RTK-AG
29 Jul – 4 Aug,Terengganu,400,400,3764,PCR
29 Jul – 4 Aug,Terengganu,400,400,5586,Both
5 Aug – 11 Aug,Terengganu,330.2857143,330,1855,RTK-AG
5 Aug – 11 Aug,Terengganu,330.2857143,330,4172,PCR
5 Aug – 11 Aug,Terengganu,330.2857143,330,6027,Both
8 Jul – 14 Jul,Terengganu,618.1428571,618,1048,RTK-AG
8 Jul – 14 Jul,Terengganu,618.1428571,618,1382,PCR
8 Jul – 14 Jul,Terengganu,618.1428571,618,2430,Both